www.anarhisticka-biblioteka.org,/library/p-m-bolo-bolo.muse
www.anarhisticka-biblioteka.org,/library/bob-blek-anarhija.muse
www.anarhisticka-biblioteka.org,/library/lorens-dzharach-anarhisti-ne-dozvoluvajte-levicata-da-vi-go-rasipe-raspolojenieto.muse
www.anarhisticka-biblioteka.org,/library/pendlton-vandiver-anarhistichka-epistemologija.muse
www.anarhisticka-biblioteka.org,/library/alfredo-m-bonano-anarhistichkata-tenzija.muse
www.anarhisticka-biblioteka.org,/library/nepoznat-avtor-antireligiski-rasizam.muse
www.anarhisticka-biblioteka.org,/library/pjer-klastr-arheologija-na-nasilstvoto.muse
www.anarhisticka-biblioteka.org,/library/mustafa-kajati-situacionistichka-internacionala-bedata-na-studentskiot-jivot.muse
www.anarhisticka-biblioteka.org,/library/volfi-landstrajker-bedniot-ideal-na-demokratijata.muse
www.anarhisticka-biblioteka.org,/library/raul-vanejgem-raoul-vaneigem-bez-granici-bez-dokumenti.muse
www.anarhisticka-biblioteka.org,/library/bez-ispukan-kurshum.muse
www.anarhisticka-biblioteka.org,/library/ema-goldman-brak-i-ljubov.muse
www.anarhisticka-biblioteka.org,/library/teodor-kachinski-brod-na-budali.muse
www.anarhisticka-biblioteka.org,/library/volfi-landstrajker-wolfi-landstreicher-burjoaskite-koreni-na-anarhosindikalizmot.muse
www.anarhisticka-biblioteka.org,/library/volfi-landstrajker-varvarski-razmisli.muse
www.anarhisticka-biblioteka.org,/library/pjer-klastr-vlasta-vo-primitivnoto-opshtestvo.muse
www.anarhisticka-biblioteka.org,/library/jak-elil-voved-vo-politichkata-iluzija.muse
www.anarhisticka-biblioteka.org,/library/alfredo-m-bonano-voorujena-radost.muse
www.anarhisticka-biblioteka.org,/library/dzhon-mur-vrakjanje-doma.muse
www.anarhisticka-biblioteka.org,/library/dzhon-zerzan-vremeto-kako-izvor-na-nezadovolstvo.muse
www.anarhisticka-biblioteka.org,/library/adrijano-paloela-zelinda-karloni-globalizacija.muse
www.anarhisticka-biblioteka.org,/library/pjer-klastr-govorot-kako-obvrska.muse
www.anarhisticka-biblioteka.org,/library/lusi-laru-golemata-eksplozija.muse
www.anarhisticka-biblioteka.org,/library/bob-blek-golemiot-nacionalen-praznik.muse
www.anarhisticka-biblioteka.org,/library/ejlin-gudson-golotijata-od-drevnite-do-modernite-kulturi.muse
www.anarhisticka-biblioteka.org,/library/antipolitichki-i-antisocijalni-anarhisti-za-shirenje-na-zarazata-da-go-ukineme-politichkiot-zat.muse
www.anarhisticka-biblioteka.org,/library/emil-arman-da-se-jivee-sopstveniot-jivot.muse
www.anarhisticka-biblioteka.org,/library/killing-king-abacus-da-se-ubie-kralot-abakus.muse
www.anarhisticka-biblioteka.org,/library/demokratska-hipnoza.muse
www.anarhisticka-biblioteka.org,/library/hristos-cakalos-direktnata-neodlojnost-na-napadot.muse
www.anarhisticka-biblioteka.org,/library/zo-daksa-do-izbirachite.muse
www.anarhisticka-biblioteka.org,/library/petar-kropotkin-do-mladite.muse
www.anarhisticka-biblioteka.org,/library/pjer-klastr-etnocid.muse
www.anarhisticka-biblioteka.org,/library/ema-goldman-jenskoto-pravo-na-glas.muse
www.anarhisticka-biblioteka.org,/library/ravashol-zabranetiot-govor-na-ravashol.muse
www.anarhisticka-biblioteka.org,/library/volfi-landstrajker-zavivanje-na-diviot-pes.muse
www.anarhisticka-biblioteka.org,/library/pjer-klastr-za-machenjeto-vo-primitivnite-opshtestva.muse
www.anarhisticka-biblioteka.org,/library/volfi-landstrajker-za-proektualnosta.muse
www.anarhisticka-biblioteka.org,/library/jak-kamat-za-revolucijata.muse
www.anarhisticka-biblioteka.org,/library/petar-kropotkin-za-redot.muse
www.anarhisticka-biblioteka.org,/library/zatvorot-vo-koj-jiveeme.muse
www.anarhisticka-biblioteka.org,/library/elize-rekli-zoshto-anarhistite-ne-glasaat.muse
www.anarhisticka-biblioteka.org,/library/dzhon-zerzan-zoshto-nadej.muse
www.anarhisticka-biblioteka.org,/library/dzhordzh-orvel-zoshto-socijalistite-ne-veruvaat-vo-zabava.muse
www.anarhisticka-biblioteka.org,/library/ogist-vajan-izjavata-na-vajan-pred-sudot.muse
www.anarhisticka-biblioteka.org,/library/dzhon-zerzan-industrijalizmot-i-pripitomuvanjeto.muse
www.anarhisticka-biblioteka.org,/library/derik-dzhensen-industrijalizmot-mora-da-ischezne.muse
www.anarhisticka-biblioteka.org,/library/teodor-kachinski-industriskoto-opshtestvo-i-negovata-idnina.muse
www.anarhisticka-biblioteka.org,/library/insurekcionistichkiot-proekt.muse
www.anarhisticka-biblioteka.org,/library/hakim-bej-islamot-i-evgenikata.muse
www.anarhisticka-biblioteka.org,/library/renco-novatore-jas-sum-i-nihilist.muse
www.anarhisticka-biblioteka.org,/library/derik-dzhensen-kako-da-se-oslobodime-od-zamkata-na-stravot.muse
www.anarhisticka-biblioteka.org,/library/luidzhi-lukeni-kako-i-zoshto-ja-ubiv-caricata-sisi.muse
www.anarhisticka-biblioteka.org,/library/m-katedrali-vo-pustina.muse
www.anarhisticka-biblioteka.org,/library/teodor-kachinski-koga-nenasilstvoto-e-samoubistvo.muse
www.anarhisticka-biblioteka.org,/library/dzhon-zerzan-koj-go-ubi-ned-lud.muse
www.anarhisticka-biblioteka.org,/library/robert-anton-vilson-komitet-za-nadrealistichko-istrajuvanje-na-tvrdenjata-za-normalnoto.muse
www.anarhisticka-biblioteka.org,/library/aleksa-golijanin-kratka-hronologija-na-situacionistichkata-internacionala.muse
www.anarhisticka-biblioteka.org,/library/gi-debor-kritika-na-odvojuvanjeto.muse
www.anarhisticka-biblioteka.org,/library/aleksandar-berkman-kronshtatskiot-bunt.muse
www.anarhisticka-biblioteka.org,/library/albert-libertad-kultot-na-mrshata.muse
www.anarhisticka-biblioteka.org,/library/bob-blek-leva-desna.muse
www.anarhisticka-biblioteka.org,/library/dzhon-zerzan-levicata-denes.muse
www.anarhisticka-biblioteka.org,/library/lorens-dzharach-levicharstvo-za-pochetnici.muse
www.anarhisticka-biblioteka.org,/library/teodor-kachinski-majmunot-koj-frla-djubre.muse
www.anarhisticka-biblioteka.org,/library/ema-goldman-malcinstvoto-protiv-mnozinstvoto.muse
www.anarhisticka-biblioteka.org,/library/mihail-bakunjin-moite-stavovi.muse
www.anarhisticka-biblioteka.org,/library/teodor-kachinski-moralnosta-i-revolucijata.muse
www.anarhisticka-biblioteka.org,/library/huan-levadura-nabavi-revolver.muse
www.anarhisticka-biblioteka.org,/library/hakim-bej-nadminuvanje-na-turizmot.muse
www.anarhisticka-biblioteka.org,/library/teodor-kachinski-najitriot-trik-na-sistemot.muse
www.anarhisticka-biblioteka.org,/library/crn-blok-nvo-sektorot-trojanski-konj-na-kapitalizmot.muse
www.anarhisticka-biblioteka.org,/library/alfredo-kospito-nekolku-slobodni-zborovi.muse
www.anarhisticka-biblioteka.org,/library/bob-blek-nema-idnina-za-rabotnoto-mesto.muse
www.anarhisticka-biblioteka.org,/library/mihail-bakunin-nemoralnosta-na-drjavata.muse
www.anarhisticka-biblioteka.org,/library/dzhejson-mekvin-ne-na-site-vojni.muse
www.anarhisticka-biblioteka.org,/library/masimo-pasamani-ne-nudime-nishto.muse
www.anarhisticka-biblioteka.org,/library/nikola-gai-neophodnosta-od-napad.muse
www.anarhisticka-biblioteka.org,/library/aarhisti-nie-ne-sme-robovi-nie-sme-dinamit.muse
www.anarhisticka-biblioteka.org,/library/nepoznat-avtor-nitu-zaborav-nitu-obred-protiv-kultot-na-mrshata.muse
www.anarhisticka-biblioteka.org,/library/nitu-pretstavnichka-nitu-direktna-demokratija.muse
www.anarhisticka-biblioteka.org,/library/volfi-landstrajker-od-politika-do-jivot-osloboduvanje-na-anarhijata-od-levicharskoto-breme.muse
www.anarhisticka-biblioteka.org,/library/gi-debor-opadjanjeto-i-propasta-na-stokovata-ekonomija-na-spektaklot.muse
www.anarhisticka-biblioteka.org,/library/pjer-klastr-opshtestvoto-protiv-drjavata.muse
www.anarhisticka-biblioteka.org,/library/nikos-romanos-osloboduvachkite-patishta-na-napadot.muse
www.anarhisticka-biblioteka.org,/library/dmp-otade-dvijenjeto-anarhija.muse
www.anarhisticka-biblioteka.org,/library/hakim-bej-paz-privremeno-avtonomna-zona-ontoloshka-anarhija-poetski-terorizam.muse
www.anarhisticka-biblioteka.org,/library/anon-piratski-utopii.muse
www.anarhisticka-biblioteka.org,/library/jak-elil-pobedata-na-hitler.muse
www.anarhisticka-biblioteka.org,/library/masimo-pasamani-povekje-mnogu-povekje.muse
www.anarhisticka-biblioteka.org,/library/poedinci-ili-gradjani.muse
www.anarhisticka-biblioteka.org,/library/dominik-misejn-pomalo-zlo.muse
www.anarhisticka-biblioteka.org,/library/petar-kropotkin-poraka-do-zapadnoevropskite-rabotnici.muse
www.anarhisticka-biblioteka.org,/library/petar-kropotkin-poraka-do-chehoslovachkite-rabotnici.muse
www.anarhisticka-biblioteka.org,/library/peni-rembo-posledniot-hipik.muse
www.anarhisticka-biblioteka.org,/library/dzhejson-mekvin-postlevicharska-anarhijaa.muse
www.anarhisticka-biblioteka.org,/library/dzhejson-mekvin-postlevicharska-anarhija.muse
www.anarhisticka-biblioteka.org,/library/fredi-perlman-postojanata-privlechnost-na-nacionalizmot.muse
www.anarhisticka-biblioteka.org,/library/dzhon-zerzan-potekloto-i-evolucijata-na-brojot.muse
www.anarhisticka-biblioteka.org,/library/dzhon-zerzan-potekloto-i-znachenjeto-na-jazikot.muse
www.anarhisticka-biblioteka.org,/library/dzhon-zerzan-praktichniot-marks.muse
www.anarhisticka-biblioteka.org,/library/marshal-salins-prvobitnoto-opshtestvo-na-blagosostojba.muse
www.anarhisticka-biblioteka.org,/library/richard-hejnberg-primitivistichka-kritika-na-civilizacijata.muse
www.anarhisticka-biblioteka.org,/library/hakim-bej-primitivci-i-ekstropijanci.muse
www.anarhisticka-biblioteka.org,/library/dzhon-zerzan-prichinite-i-znachenjeto-na-prvata-svetska-vojna.muse
www.anarhisticka-biblioteka.org,/library/volfi-landstrajker-protiv-logikata-na-potchinuvanje-realizam.muse
www.anarhisticka-biblioteka.org,/library/piter-lamborn-vilson-protiv-multikulturalizmot.muse
www.anarhisticka-biblioteka.org,/library/dzhejson-mekvin-protiv-organizacionizmot-anarhizmot-kako-teorija-i-kritika-na-organizacijata.muse
www.anarhisticka-biblioteka.org,/library/jak-kamat-protiv-pripitomuvanjeto.muse
www.anarhisticka-biblioteka.org,/library/volfi-landstrajker-radikalnata-teorija-rushitel-na-kuli-od-slonova-koska.muse
www.anarhisticka-biblioteka.org,/library/fredi-perlman-radjanje-na-revolucionerno-dvijenje-vo-jugoslavija.muse
www.anarhisticka-biblioteka.org,/library/fredi-perlman-reprodukcija-na-sekojdnevniot-jivot.muse
www.anarhisticka-biblioteka.org,/library/emil-anri-odbranata-na-emil-anri.muse
www.anarhisticka-biblioteka.org,/library/venona-k-skandalozni-razmisli.muse
www.anarhisticka-biblioteka.org,/library/pjer-klastr-slobodata-nesrekjata-i-bezimenoto.muse
www.anarhisticka-biblioteka.org,/library/leon-de-mati-smrt-za-demokratijata.muse
www.anarhisticka-biblioteka.org,/library/mihail-bakunin-solidarnost-vo-sloboda.muse
www.anarhisticka-biblioteka.org,/library/andre-gorc-socijalnata-ideologija-na-avtomobilot.muse
www.anarhisticka-biblioteka.org,/library/mihail-gerdzhikov-spomeni.muse
www.anarhisticka-biblioteka.org,/library/pjer-klastr-tagata-na-diviot-voin.muse
www.anarhisticka-biblioteka.org,/library/hakim-bej-tajni-drushtva.muse
www.anarhisticka-biblioteka.org,/library/bob-blek-tezi-za-anarhizmot-po-postmodernizmot.muse
www.anarhisticka-biblioteka.org,/library/dzhon-zerzan-tejlorizmot-i-sindikalizmot.muse
www.anarhisticka-biblioteka.org,/library/dzhordzh-vudkok-tiranijata-na-chasovnikot.muse
www.anarhisticka-biblioteka.org,/library/teodor-kachinski-udri-kade-shto-najmnogu-boli.muse
www.anarhisticka-biblioteka.org,/library/bob-blek-ukinuvanje-na-rabotata.muse
www.anarhisticka-biblioteka.org,/library/piter-gelderlus-fashistite-se-prodoljena-raka-na-drjavata.muse
www.anarhisticka-biblioteka.org,/library/bob-blek-feminizmot-kako-fashizam.muse
www.anarhisticka-biblioteka.org,/library/l-fragment-volchica.muse
www.anarhisticka-biblioteka.org,/library/l-fragment-nasilstvo.muse
www.anarhisticka-biblioteka.org,/library/volfi-landstrajker-cajkanot-vo-nashite-glavi.muse
www.anarhisticka-biblioteka.org,/library/andre-breton-crnoto-ogledalo-na-anarhizmot.muse
www.anarhisticka-biblioteka.org,/library/edi-konlon-shpanskata-gradjanska-vojna.muse
www.anarhisticka-biblioteka.org,/library/dzhon-zerzan-shto-e-anarhizam.muse
www.anarhisticka-biblioteka.org,/library/kevin-taker-shto-pretstavuva-totalitetot.muse
